食物,热量,链接
Easy Fun 紫薯营养粥,热量：317 大卡(每100克),http://www.boohee.com/shiwu/fdd9b123
白粥（粳米），又叫稀饭，大米粥，白米粥，米...,热量：46 大卡(每100克),http://www.boohee.com/shiwu/jingmizhou
白粥（籼米），又叫稀饭，大米粥，白米粥,热量：59 大卡(每100克),http://www.boohee.com/shiwu/xianmizhou
玉米（鲜），又叫苞谷、珍珠米、棒子、玉蜀黍...,热量：112 大卡(每100克),http://www.boohee.com/shiwu/yumi_xian
燕麦片，又叫燕麦,热量：338 大卡(每100克),http://www.boohee.com/shiwu/yanmaipian
面条（生），又叫面,热量：301 大卡(每100克),http://www.boohee.com/shiwu/miantiao_junzhi
面条（煮），又叫面,热量：110 大卡(每100克),http://www.boohee.com/shiwu/miantiao_fuqiangfen_zhu
籼米粉，又叫米线、米粉、粉,热量：356 大卡(每100克),http://www.boohee.com/shiwu/xianmifen
面包,热量：313 大卡(每100克),http://www.boohee.com/shiwu/mianbao_junzhi
红薯，又叫地瓜、番薯、甘薯,热量：90 大卡(每100克),http://www.boohee.com/shiwu/ganshu_hongxin
小米粥,热量：46 大卡(每100克),http://www.boohee.com/shiwu/xiaomizhou
马铃薯，又叫土豆、洋芋、地蛋、山药蛋、洋番薯,热量：81 大卡(每100克),http://www.boohee.com/shiwu/malingshu
包子（猪肉馅）,热量：227 大卡(每100克),http://www.boohee.com/shiwu/baozi_zhurouxian
米饭，又叫大米饭，饭，蒸米,热量：116 大卡(每100克),http://www.boohee.com/shiwu/mifan_zheng
白薯，又叫山芋、红皮山芋，地瓜、甘薯,热量：106 大卡(每100克),http://www.boohee.com/shiwu/ganshu_baixin
大米，又叫稻米、米、生米,热量：346 大卡(每100克),http://www.boohee.com/shiwu/daomi_junzhi
全麦面包，又叫全麦面包、全麦吐司、全麦面包片,热量：246 大卡(每100克),http://www.boohee.com/shiwu/maipeimianbao
烙饼,热量：259 大卡(每100克),http://www.boohee.com/shiwu/laobing_biaozhunfen
花卷,热量：214 大卡(每100克),http://www.boohee.com/shiwu/huajuan
油条,热量：388 大卡(每100克),http://www.boohee.com/shiwu/youtiao
嘉顿 生命面包 450g,热量：284 大卡(每100克),http://www.boohee.com/shiwu/shengmingmaibaopaiquanmaiqiepianmianbao
包子（三鲜馅）,热量：223 大卡(每100克),http://www.boohee.com/shiwu/baozi_sanxianxian
馒头,热量：223 大卡(每100克),http://www.boohee.com/shiwu/mantou_junzhi
油饼,热量：403 大卡(每100克),http://www.boohee.com/shiwu/youbing
单层汉堡（夹肉饼，加调料酱和蔬菜）,热量：256 大卡(每100克),http://www.boohee.com/shiwu/hanbaobao_putongxing_jiaroubing_jiadiaoliaojiangheshucai
紫薯，又叫甘薯（紫色）,热量：106 大卡(每100克),http://www.boohee.com/shiwu/zishu
米粉（干），又叫粉,热量：349 大卡(每100克),http://www.boohee.com/shiwu/mifen
黄油面包,热量：331 大卡(每100克),http://www.boohee.com/shiwu/huangyoumianbao
方便面，又叫泡面,热量：473 大卡(每100克),http://www.boohee.com/shiwu/fangbianmian
果料面包，又叫面包、水果面包,热量：279 大卡(每100克),http://www.boohee.com/shiwu/guoliaomianbao
红豆，又叫赤小豆、红小豆、红饭豆、米赤豆、...,热量：324 大卡(每100克),http://www.boohee.com/shiwu/chixiaodou
餐包，又叫小餐包、面包,热量：284 大卡(每100克),http://www.boohee.com/shiwu/fashipeicanmianbao
烧饼(加糖),热量：298 大卡(每100克),http://www.boohee.com/shiwu/shaobing_jiatang
绿豆（干），又叫青小豆、植豆、交豆,热量：329 大卡(每100克),http://www.boohee.com/shiwu/lvdou
薏米，又叫薏苡、薏苡仁、六谷米、苡米、薏仁...,热量：361 大卡(每100克),http://www.boohee.com/shiwu/yimi
粉丝（干），又叫细粉、线粉、丝粉、古称索粉,热量：338 大卡(每100克),http://www.boohee.com/shiwu/fensi
面条(标准粉，切面),热量：283 大卡(每100克),http://www.boohee.com/shiwu/miantiao_biaozhunfen_qiemian
麦维面包,热量：270 大卡(每100克),http://www.boohee.com/shiwu/maiweimianbao
年糕（低糖桂花年糕），又叫蒙尔司 低糖年糕...,热量：156 大卡(每100克),http://www.boohee.com/shiwu/niangao
麦片,热量：368 大卡(每100克),http://www.boohee.com/shiwu/maipian
牛角面包，又叫面包,热量：378 大卡(每100克),http://www.boohee.com/shiwu/fashiniujiaomianbao
红烧牛肉方便面（面饼+调味料+蔬菜+肉酱）,热量：447 大卡(每100克),http://www.boohee.com/shiwu/hongshaoniuroufangbianmian_mianbingdiaoweiliaoshucairoujiang
双层奶酪汉堡（夹奶酪，双层肉饼、双层面包，...,热量：285 大卡(每100克),http://www.boohee.com/shiwu/ganlaohanbaobao_putongxing_jianailao_shuangcengroubing_shuangcengmianbao_jiadiao
山药，又叫薯蓣、山芋、诸薯、延草、薯药、大薯,热量：57 大卡(每100克),http://www.boohee.com/shiwu/shanyao
炒饭，又叫炒米饭,热量：188 大卡(每100克),http://www.boohee.com/shiwu/shijinchaofan
芋头，又叫里芋、香芋、芋艿、毛芋,热量：56 大卡(每100克),http://www.boohee.com/shiwu/yutou
葡萄干面包，又叫面包,热量：260 大卡(每100克),http://www.boohee.com/shiwu/putaoganmianbao
咸面包,热量：275 大卡(每100克),http://www.boohee.com/shiwu/xianmianbao
黑芝麻汤圆，又叫元宵,热量：311 大卡(每100克),http://www.boohee.com/shiwu/heizhimatangyuan
黑米,热量：341 大卡(每100克),http://www.boohee.com/shiwu/heimi
鸡蛋，又叫鸡子、鸡卵、蛋,热量：144 大卡(每100克),http://www.boohee.com/shiwu/jidan_junzhi
猪小排，又叫排骨、猪排,热量：278 大卡(每100克),http://www.boohee.com/shiwu/zhuxiaopai
鸡（土鸡，家养),热量：124 大卡(每100克),http://www.boohee.com/shiwu/ji_tuji_jiayang
鸡（母鸡，一年内）,热量：256 大卡(每100克),http://www.boohee.com/shiwu/muji_yiniannei
鸡（肉鸡，肥）,热量：389 大卡(每100克),http://www.boohee.com/shiwu/rouji_fei
鸭肉，又叫鸭子、鹜肉、家凫肉,热量：240 大卡(每100克),http://www.boohee.com/shiwu/ya_junzhi
猪蹄，又叫猪脚、猪手、猪蹄爪,热量：260 大卡(每100克),http://www.boohee.com/shiwu/zhuti
螃蟹（河蟹），又叫螃蟹、毛蟹、稻蟹、中华绒...,热量：103 大卡(每100克),http://www.boohee.com/shiwu/hexie
猪肉(瘦)，又叫猪精肉，瘦肉,热量：143 大卡(每100克),http://www.boohee.com/shiwu/zhurou_shou
鸡蛋（煮），又叫水煮蛋，白煮蛋，煮蛋，煮鸡蛋,热量：151 大卡(每100克),http://www.boohee.com/shiwu/jidan_zhu
鸡蛋白（鸡蛋清），又叫鸡蛋白、鸡蛋清、蛋清、蛋白,热量：60 大卡(每100克),http://www.boohee.com/shiwu/jidanbai_jidanqing
火腿肠,热量：212 大卡(每100克),http://www.boohee.com/shiwu/huotuichang
鸡胸脯肉，又叫鸡柳肉、鸡里脊肉、鸡胸、鸡胸肉,热量：133 大卡(每100克),http://www.boohee.com/shiwu/jixiongfurou
牛肉（牛腩），又叫腹部肉,热量：332 大卡(每100克),http://www.boohee.com/shiwu/niurou_fuburou
荷包蛋（油煎），又叫荷包蛋、煎蛋、煎荷包蛋...,热量：199 大卡(每100克),http://www.boohee.com/shiwu/hebaodan_youjian
咸鸭蛋，又叫盐蛋、腌蛋、味蛋,热量：190 大卡(每100克),http://www.boohee.com/shiwu/xianyadan
猪肉(肥瘦)，又叫豕肉、彘肉,热量：395 大卡(每100克),http://www.boohee.com/shiwu/zhurou_feishou
瓦罐鸡汤（含料）,热量：190 大卡(每100克),http://www.boohee.com/shiwu/waguanjitang_rou
瓦罐鸡汤（无料）,热量：27 大卡(每100克),http://www.boohee.com/shiwu/waguanjitang_tang
猪小排（良杂猪）,热量：351 大卡(每100克),http://www.boohee.com/shiwu/zhuxiaopai_liangzazhu
松花蛋(鸡蛋)，又叫皮蛋、变蛋、彩蛋、碱蛋、泥蛋,热量：178 大卡(每100克),http://www.boohee.com/shiwu/songhuadan_jidan
猪肉(奶脯)，又叫软五花、奶脯、五花肉,热量：349 大卡(每100克),http://www.boohee.com/shiwu/zhurou_naifu
猪大排，又叫猪排,热量：264 大卡(每100克),http://www.boohee.com/shiwu/zhudapai
牛肉(肥瘦)，又叫肥牛,热量：125 大卡(每100克),http://www.boohee.com/shiwu/niurou_feishou
牛肉(里脊)，又叫牛里脊,热量：107 大卡(每100克),http://www.boohee.com/shiwu/niurou_liji
松花蛋(鸭蛋)，又叫皮蛋,热量：171 大卡(每100克),http://www.boohee.com/shiwu/songhuadan_yadan
草鱼，又叫鲩鱼、混子、草鲩、草包鱼、草根鱼...,热量：113 大卡(每100克),http://www.boohee.com/shiwu/caoyu
鸡蛋(土鸡),热量：138 大卡(每100克),http://www.boohee.com/shiwu/jidan_tuji
鸡蛋（白皮）,热量：138 大卡(每100克),http://www.boohee.com/shiwu/jidan_baipi
鸡蛋(红皮),热量：156 大卡(每100克),http://www.boohee.com/shiwu/jidan_hongpi
鸡腿，又叫鸡腿肉,热量：181 大卡(每100克),http://www.boohee.com/shiwu/jitui
酱牛肉,热量：246 大卡(每100克),http://www.boohee.com/shiwu/jiangniurou
鱼丸,热量：107 大卡(每100克),http://www.boohee.com/shiwu/yuwan
香肠，又叫腊肠、南肠、灌肠,热量：508 大卡(每100克),http://www.boohee.com/shiwu/xiangchang
牛肉(瘦),热量：106 大卡(每100克),http://www.boohee.com/shiwu/niurou_shou
肯德基 吮指原味鸡,热量：346 大卡(每100克),http://www.boohee.com/shiwu/kendejishunzhiyuanweiji
鲫鱼，又叫河鲫、鲋鱼、喜头、鲫瓜子、喜头鱼...,热量：108 大卡(每100克),http://www.boohee.com/shiwu/jiyu
火腿，又叫兰熏、熏蹄、南腿,热量：330 大卡(每100克),http://www.boohee.com/shiwu/huotui
牛肉干，又叫牛干巴,热量：550 大卡(每100克),http://www.boohee.com/shiwu/niurougan
咸鸭蛋（煮）,热量：177 大卡(每100克),http://www.boohee.com/shiwu/xianyadan_zhu
鸡翅，又叫鸡翼、大转弯,热量：194 大卡(每100克),http://www.boohee.com/shiwu/jichi
烤鸡,热量：240 大卡(每100克),http://www.boohee.com/shiwu/kaoji
热狗肠,热量：307 大卡(每100克),http://www.boohee.com/shiwu/regouchang
鹌鹑蛋，又叫鹑鸟蛋、鹌鹑卵,热量：160 大卡(每100克),http://www.boohee.com/shiwu/anchundan
鲤鱼，又叫龙门鱼、鲤拐子、赤鲤、黄鲤、白鲤、赖鲤,热量：109 大卡(每100克),http://www.boohee.com/shiwu/liyu
明虾,热量：85 大卡(每100克),http://www.boohee.com/shiwu/mingxia
北京烤鸭,热量：436 大卡(每100克),http://www.boohee.com/shiwu/beijingkaoya
鱼片干,热量：303 大卡(每100克),http://www.boohee.com/shiwu/yupiangan
鸡爪，又叫鸡掌、凤爪、鸡脚、凤足,热量：254 大卡(每100克),http://www.boohee.com/shiwu/jizhua
鸡蛋黄，又叫蛋黄,热量：328 大卡(每100克),http://www.boohee.com/shiwu/jidanhuang
酸奶,热量：72 大卡(每100毫升),http://www.boohee.com/shiwu/suannai_junzhi
牛奶，又叫纯牛奶，牛乳,热量：54 大卡(每100毫升),http://www.boohee.com/shiwu/niuru_junzhi
奶酪，又叫乳酪、芝士、起司、计司,热量：328 大卡(每100克),http://www.boohee.com/shiwu/nailao
酸奶（中脂）,热量：64 大卡(每100毫升),http://www.boohee.com/shiwu/suannai_zhongzhi
酸奶（脱脂）,热量：57 大卡(每100毫升),http://www.boohee.com/shiwu/suannai_tuozhi
脱脂奶粉,热量：356 大卡(每100克),http://www.boohee.com/shiwu/tuozhinaifen
酸奶（调味）,热量：88 大卡(每100毫升),http://www.boohee.com/shiwu/suannai_diaowei
光明 鲜牛奶，又叫光明鲜奶、光明牛奶,热量：60 大卡(每100毫升),http://www.boohee.com/shiwu/niuru_guangmingpai
酸奶(果料)，又叫果料酸奶,热量：67 大卡(每100毫升),http://www.boohee.com/shiwu/suannai_guoliao
酸奶（果粒）,热量：97 大卡(每100毫升),http://www.boohee.com/shiwu/suannai_guoli
蒙牛 高钙牛奶,热量：59 大卡(每100毫升),http://www.boohee.com/shiwu/mengniugaogainiunai
牛奶（脱脂），又叫脱脂奶，脱脂牛奶，牛乳,热量：33 大卡(每100克),http://www.boohee.com/shiwu/niuru_tuozhi_pamalate
光明 e+益生菌酸牛奶（原味）220ml ...,热量：45 大卡(每100克),http://www.boohee.com/shiwu/guangmingeyishengjunsuanniunai_yuanwei
牛奶（部分脱脂），又叫低脂奶 脱脂奶,热量：43 大卡(每100克),http://www.boohee.com/shiwu/niuru_bufentuozhi_pamalate
早餐奶,热量：68 大卡(每100克),http://www.boohee.com/shiwu/zaocannai
酸奶（高蛋白）,热量：62 大卡(每100毫升),http://www.boohee.com/shiwu/suannai_gaodanbai
奶片,热量：472 大卡(每100克),http://www.boohee.com/shiwu/naipian
全脂牛奶粉,热量：478 大卡(每100克),http://www.boohee.com/shiwu/quanzhiniunaifen
光明 纯牛奶，又叫光明牛奶,热量：66 大卡(每100毫升),http://www.boohee.com/shiwu/fded1a79
光明 优倍 高品质鲜牛奶,热量：65 大卡(每100毫升),http://www.boohee.com/shiwu/fd962a6c
光明 优倍 0脂肪 高品质脱脂鲜牛奶,热量：35 大卡(每100毫升),http://www.boohee.com/shiwu/fd460d85
光明 优倍 0乳糖 巴士杀菌调制乳,热量：67 大卡(每100毫升),http://www.boohee.com/shiwu/fdb14fc7
光明 致优 全鲜乳,热量：63 大卡(每100毫升),http://www.boohee.com/shiwu/fdb47466
光明 0脂肪 鲜牛奶,热量：32 大卡(每100毫升),http://www.boohee.com/shiwu/fd458bc8
牛奶(强化VA，VD)，又叫牛乳(强化VA...,热量：51 大卡(每100克),http://www.boohee.com/shiwu/niuru_qianghuaVA_VD
光明 低脂牛奶,热量：43 大卡(每100毫升),http://www.boohee.com/shiwu/guangmingdizhiniunai
蒙牛 木糖醇酸牛奶,热量：63 大卡(每100克),http://www.boohee.com/shiwu/mengniusuanniunaimutangchun
低脂奶酪,热量：241 大卡(每100克),http://www.boohee.com/shiwu/dizhinailao
伊利 无蔗糖酸牛奶（利乐包）150g,热量：52 大卡(每100毫升),http://www.boohee.com/shiwu/yiliwuzhetangsuanniunai
蒙牛 酸牛奶（草莓+树莓）100g （小盒装）,热量：92 大卡(每100克),http://www.boohee.com/shiwu/mengniusuanniunai_caomeishumeiguoli
光明减脂90%脱脂鲜牛奶,热量：32 大卡(每100毫升),http://www.boohee.com/shiwu/guangmingjianzhi90tuozhixianniunai
伊利优品嘉人优酪乳（原味）,热量：73 大卡(每100克),http://www.boohee.com/shiwu/yiliyoupinjiarenyoulaoru_yuanwei
光明畅优红枣燕麦低脂酸奶,热量：69 大卡(每100毫升),http://www.boohee.com/shiwu/guangmingchangyouhongzaoyanmaidizhisuannai
光明 芦荟酸奶,热量：87 大卡(每100毫升),http://www.boohee.com/shiwu/guangmingluhuisuannai
伊利酸牛奶(原味),热量：87 大卡(每100毫升),http://www.boohee.com/shiwu/yilisuanniunai
全脂速溶奶粉,热量：466 大卡(每100克),http://www.boohee.com/shiwu/quanzhisurongnaifen
雀巢/Nestle 高钙高铁奶粉,热量：416 大卡(每100克),http://www.boohee.com/shiwu/quechaogaogaigaotienaifen
伊利 大果粒酸牛奶（红茶+草莓+椰果）,热量：92 大卡(每100克),http://www.boohee.com/shiwu/yilidaguolisuanniunai
奶酪（光明牌）,热量：348 大卡(每100克),http://www.boohee.com/shiwu/nailao_guangmingpai
伊利 优品嘉人优酪乳酸牛奶,热量：78 大卡(每100克),http://www.boohee.com/shiwu/yiliyoupinjiarenyoulaoru
光明优＋高品质牛奶(利乐枕）,热量：62 大卡(每100毫升),http://www.boohee.com/shiwu/guangmingyouhigaopinzhiniunai
牛奶（完达山牌），又叫牛乳（完达山牌）,热量：60 大卡(每100克),http://www.boohee.com/shiwu/niuru_wandashanpai
蒙牛 冠益乳特品酸牛奶（原味）,热量：85 大卡(每100克),http://www.boohee.com/shiwu/mengniuguanyirutepinsuanniunaiyuanwei
全脂加糖奶粉,热量：490 大卡(每100克),http://www.boohee.com/shiwu/quanzhijiatangnaifen
蒙牛 酸牛奶（草莓味）罐装950ml（盒装）,热量：85 大卡(每100克),http://www.boohee.com/shiwu/mengniucaomeiweisuanniunai
雀巢/Nestle 高纤高钙奶粉,热量：428 大卡(每100克),http://www.boohee.com/shiwu/quechaopaigaoxiangaogainaifen
味全优酪乳（原味）,热量：88 大卡(每100克),http://www.boohee.com/shiwu/weiquanyoulaoru_yuanwei
蒙牛冠益乳特品酸牛奶木糖醇味,热量：63 大卡(每100克),http://www.boohee.com/shiwu/mengniuguanyirutepinsuanniunaimutangchunwei
伊利优品嘉人优酪乳·酸牛奶[焕颜蓝莓],热量：78 大卡(每100克),http://www.boohee.com/shiwu/yiliyoulaoru_youpinjiaren_huanyanlanmei
低脂奶粉（高钙高铁，伊利牌）,热量：423 大卡(每100克),http://www.boohee.com/shiwu/dizhinaifen_gaogaigaotie_yilipai
苹果，又叫滔婆、柰、柰子、频婆、平波、天然子,热量：53 大卡(每100克),http://www.boohee.com/shiwu/pingguo_junzhi
大白菜，又叫白菜,热量：20 大卡(每100克),http://www.boohee.com/shiwu/dabaicai_junzhi
小白菜，又叫青菜、油白菜、白菜秧、白菜、杭白菜,热量：17 大卡(每100克),http://www.boohee.com/shiwu/xiaobaicai
香蕉，又叫蕉子、蕉果、甘蕉,热量：93 大卡(每100克),http://www.boohee.com/shiwu/xiangjiao
番茄，又叫西红柿、洋柿子、狼桃、番李子、金...,热量：15 大卡(每100克),http://www.boohee.com/shiwu/fanqie
黄瓜，又叫青瓜,热量：16 大卡(每100克),http://www.boohee.com/shiwu/huanggua
西瓜，又叫寒瓜、天生白虎汤、夏瓜、水瓜,热量：31 大卡(每100克),http://www.boohee.com/shiwu/xigua_junzhi
桃子，又叫桃,热量：42 大卡(每100克),http://www.boohee.com/shiwu/tao_junzhi
上海青，又叫青菜，小青菜,热量：18 大卡(每100克),http://www.boohee.com/shiwu/piaoerbai
红富士苹果,热量：49 大卡(每100克),http://www.boohee.com/shiwu/hongfushipingguo
橙，又叫橙子、金球、香橙、黄橙、脐橙,热量：48 大卡(每100克),http://www.boohee.com/shiwu/cheng
菜心，又叫白菜薹、薹菜,热量：28 大卡(每100克),http://www.boohee.com/shiwu/baicaitai
柚子，又叫文旦、香抛、霜柚、臭橙、柚,热量：42 大卡(每100克),http://www.boohee.com/shiwu/you
白萝卜，又叫萝卜、莱菔,热量：16 大卡(每100克),http://www.boohee.com/shiwu/bailuobo
梨，又叫梨子、快果、玉乳、果宗、蜜父、雪梨...,热量：51 大卡(每100克),http://www.boohee.com/shiwu/li_junzhi
花菜，又叫菜花、花椰菜、椰花菜、洋花菜,热量：20 大卡(每100克),http://www.boohee.com/shiwu/caihua
结球甘蓝(紫），又叫紫甘蓝、甘蓝,热量：25 大卡(每100克),http://www.boohee.com/shiwu/jieqiuganlan_zi
冬枣，又叫枣子，枣,热量：113 大卡(每100克),http://www.boohee.com/shiwu/dongzao
猕猴桃，又叫毛桃、藤梨、苌楚、羊桃、毛梨、...,热量：61 大卡(每100克),http://www.boohee.com/shiwu/zhonghuamihoutao
南瓜，又叫麦瓜、番瓜、倭瓜、金瓜、伏瓜、饭...,热量：23 大卡(每100克),http://www.boohee.com/shiwu/nangua
胡萝卜（老），又叫萝卜、黄萝卜、丁香萝卜、...,热量：39 大卡(每100克),http://www.boohee.com/shiwu/huluobo_hong
生菜，又叫牛俐,热量：16 大卡(每100克),http://www.boohee.com/shiwu/shengcai_niuli
橘子，又叫橘柑、柑橘、桔柑子,热量：44 大卡(每100克),http://www.boohee.com/shiwu/jieganzi
木瓜，又叫乳瓜、木梨、文冠果,热量：30 大卡(每100克),http://www.boohee.com/shiwu/mugua
葡萄，又叫草龙珠、山葫芦、蒲桃、菩提子、,热量：45 大卡(每100克),http://www.boohee.com/shiwu/putao_junzhi
樱桃番茄（圣女果），又叫葡萄番茄、小西红柿...,热量：25 大卡(每100克),http://www.boohee.com/shiwu/yingtaofanqie
冬瓜，又叫白瓜、水芝、地芝、枕瓜、濮瓜、白...,热量：12 大卡(每100克),http://www.boohee.com/shiwu/donggua
胡萝卜（嫩），又叫萝卜、胡萝菔、黄萝卜、金...,热量：32 大卡(每100克),http://www.boohee.com/shiwu/huluobo
卷心菜（包菜，圆白菜），又叫圆白菜，包菜，甘蓝,热量：24 大卡(每100克),http://www.boohee.com/shiwu/ganlan
红枣(鲜)，又叫红枣、美枣、良枣,热量：125 大卡(每100克),http://www.boohee.com/shiwu/zao_xian
红枣(干)，又叫红枣、大枣、枣子,热量：276 大卡(每100克),http://www.boohee.com/shiwu/zao_gan
竹笋，又叫笋、毛笋、竹芽、竹萌,热量：23 大卡(每100克),http://www.boohee.com/shiwu/zhusun
木耳(水发)，又叫黑木耳、云耳,热量：27 大卡(每100克),http://www.boohee.com/shiwu/muer_shuifa
柑桔，又叫桔子,热量：51 大卡(每100克),http://www.boohee.com/shiwu/ganjie_junzhi
菠菜，又叫菠棱菜、赤根菜、波斯草、鹦鹉菜、...,热量：28 大卡(每100克),http://www.boohee.com/shiwu/bocai
菠萝，又叫番梨、露兜子、凤梨,热量：44 大卡(每100克),http://www.boohee.com/shiwu/boluo
火龙果，又叫仙蜜果、红龙果,热量：55 大卡(每100克),http://www.boohee.com/shiwu/huolongguo
草莓，又叫大草莓、士多啤梨、红莓、地莓,热量：32 大卡(每100克),http://www.boohee.com/shiwu/caomei
西兰花，又叫绿菜花、西兰花菜、西蓝花,热量：36 大卡(每100克),http://www.boohee.com/shiwu/xilanhua
芒果，又叫庵罗果、檬果、蜜望子、香盖,热量：35 大卡(每100克),http://www.boohee.com/shiwu/mangguo
豆芽（绿豆芽），又叫巧芽、豆芽菜、如意菜、...,热量：16 大卡(每100克),http://www.boohee.com/shiwu/lvdouya
香菇（鲜），又叫冬菇、香菌、爪菰、花菇、香...,热量：26 大卡(每100克),http://www.boohee.com/shiwu/xianggu
茄子，又叫落苏、茄瓜,热量：23 大卡(每100克),http://www.boohee.com/shiwu/qiezi_junzhi
哈密瓜，又叫甜瓜,热量：34 大卡(每100克),http://www.boohee.com/shiwu/hamigua2
甜瓜，又叫甘瓜、库洪（维吾尔语）,热量：26 大卡(每100克),http://www.boohee.com/shiwu/tiangua
李子，又叫布朗、脆李、金沙李、嘉庆子、李实...,热量：38 大卡(每100克),http://www.boohee.com/shiwu/lizi
海带（浸），又叫江白菜，昆布,热量：16 大卡(每100克),http://www.boohee.com/shiwu/haidai_jin
芹菜（药芹），又叫旱芹、样芹菜、药芹、香芹...,热量：13 大卡(每100克),http://www.boohee.com/shiwu/qincai_baijing
通心菜（空心菜），又叫蕹菜,热量：23 大卡(每100克),http://www.boohee.com/shiwu/wengcai
葡萄柚（西柚），又叫红柚、红心柚,热量：33 大卡(每100克),http://www.boohee.com/shiwu/putaoyou_taiwan
豆浆,热量：31 大卡(每100克),http://www.boohee.com/shiwu/doujiang
瓜子（葵花籽），又叫向日葵子、天葵子、葵子...,热量：615 大卡(每100克),http://www.boohee.com/shiwu/kuihuaziren
豆浆（甜）,热量：34 大卡(每100克),http://www.boohee.com/shiwu/doujiang_tian
豆腐干（白干），又叫豆干、白干,热量：197 大卡(每100克),http://www.boohee.com/shiwu/doufugan_junzhi
黑芝麻，又叫芝麻籽(黑)、胡麻、巨胜,热量：559 大卡(每100克),http://www.boohee.com/shiwu/zhimazi_hei
豆腐,热量：84 大卡(每100克),http://www.boohee.com/shiwu/doufu_junzhi
核桃（干），又叫核桃仁、山核桃、胡桃仁、羌...,热量：646 大卡(每100克),http://www.boohee.com/shiwu/hetao_gan
豆腐花，又叫豆腐花、豆花,热量：15 大卡(每100克),http://www.boohee.com/shiwu/doufunao
豆腐(南)，又叫嫩豆腐、软豆腐,热量：87 大卡(每100克),http://www.boohee.com/shiwu/doufu_nan
花生（炒）,热量：601 大卡(每100克),http://www.boohee.com/shiwu/huasheng_chao
花生米（生），又叫花生仁（生）,热量：574 大卡(每100克),http://www.boohee.com/shiwu/huashengren_sheng
花生米（炒），又叫花生仁（炒）,热量：589 大卡(每100克),http://www.boohee.com/shiwu/huashengren_chao
豆腐(北)，又叫软玉,热量：116 大卡(每100克),http://www.boohee.com/shiwu/doufu_bei
栗子(熟)，又叫板栗,热量：214 大卡(每100克),http://www.boohee.com/shiwu/lizi_shu
豆腐皮，又叫百片、腐衣、豆皮、油皮,热量：447 大卡(每100克),http://www.boohee.com/shiwu/doufupi
豆奶粉,热量：423 大卡(每100克),http://www.boohee.com/shiwu/dounaifen
豆奶,热量：30 大卡(每100克),http://www.boohee.com/shiwu/dounai
杏仁(烤干，加盐),热量：617 大卡(每100克),http://www.boohee.com/shiwu/xingren_kaogan_jiayan
豆腐脑(带卤)，又叫豆腐花,热量：48 大卡(每100克),http://www.boohee.com/shiwu/doufunao_dailu
花生（鲜），又叫落花参、番豆、长生果、落地...,热量：313 大卡(每100克),http://www.boohee.com/shiwu/huasheng_xian
杏仁，又叫南杏仁,热量：578 大卡(每100克),http://www.boohee.com/shiwu/xingren
核桃(鲜),热量：336 大卡(每100克),http://www.boohee.com/shiwu/hetao_xian
黄豆，又叫大豆、黄大豆、枝豆、菜用大豆,热量：390 大卡(每100克),http://www.boohee.com/shiwu/huangdou
豆腐干(香干)，又叫豆干,热量：152 大卡(每100克),http://www.boohee.com/shiwu/doufugan_xianggan
葵花子（奶油香瓜子）,热量：620 大卡(每100克),http://www.boohee.com/shiwu/kuihuazi_naiyouxiangguazi
油豆腐,热量：245 大卡(每100克),http://www.boohee.com/shiwu/youdoufu
豆浆粉,热量：426 大卡(每100克),http://www.boohee.com/shiwu/doujiangfen
内酯豆腐，又叫豆腐,热量：50 大卡(每100克),http://www.boohee.com/shiwu/doufu_neizhi
杏仁(大),热量：540 大卡(每100克),http://www.boohee.com/shiwu/xingren_da
山核桃（熟），又叫小核桃,热量：658 大卡(每100克),http://www.boohee.com/shiwu/shanhetao_shu
花生（烤、密日兴牌）,热量：475 大卡(每100克),http://www.boohee.com/shiwu/huasheng_kao_mirixingpai
开心果（熟）,热量：631 大卡(每100克),http://www.boohee.com/shiwu/kaixinguo_shu
素鸡,热量：194 大卡(每100克),http://www.boohee.com/shiwu/suji
黑豆，又叫黑大豆、乌豆、橹豆、马料豆、料豆...,热量：401 大卡(每100克),http://www.boohee.com/shiwu/heidou
豆腐干(卤干)，又叫豆干,热量：339 大卡(每100克),http://www.boohee.com/shiwu/doufugan_lugan
腰果（熟）,热量：615 大卡(每100克),http://www.boohee.com/shiwu/yaoguo_shu
西瓜子(炒),热量：582 大卡(每100克),http://www.boohee.com/shiwu/xiguazi_chao
腐竹（干），又叫支竹、甜竹、腐筋,热量：461 大卡(每100克),http://www.boohee.com/shiwu/fuzhu
花生米（油炸），又叫花生仁（油炸）,热量：583 大卡(每100克),http://www.boohee.com/shiwu/huashengren_youzha
豆腐丝,热量：203 大卡(每100克),http://www.boohee.com/shiwu/doufusi
千张，又叫百页、皮子、豆片、干豆腐,热量：262 大卡(每100克),http://www.boohee.com/shiwu/qianzhang
花生（烤、勤俭牌）,热量：586 大卡(每100克),http://www.boohee.com/shiwu/huasheng_kao_qinjianpai
青豆，又叫青大豆,热量：398 大卡(每100克),http://www.boohee.com/shiwu/qingdou
豆腐干(酱油干)，又叫豆干,热量：157 大卡(每100克),http://www.boohee.com/shiwu/doufugan_jiangyougan
腰果，又叫鸡腰果、介寿果,热量：559 大卡(每100克),http://www.boohee.com/shiwu/yaoguo
莲子(干)，又叫莲宝、莲米、藕实、水芝、丹...,热量：350 大卡(每100克),http://www.boohee.com/shiwu/lianzi_gan
山核桃（干）,热量：616 大卡(每100克),http://www.boohee.com/shiwu/shanhetao_gan
黑芝麻糊粉,热量：408 大卡(每100克),http://www.boohee.com/shiwu/heizhimahufen
豆腐干(小香干)，又叫豆干,热量：174 大卡(每100克),http://www.boohee.com/shiwu/doufugan_xiaoxianggan
杏仁(原味)，又叫北杏仁、杏核仁、杏子、杏人,热量：596 大卡(每100克),http://www.boohee.com/shiwu/xingren_yuanweiquanbu
拿铁（全脂，无糖），又叫拿铁咖啡,热量：44 大卡(每100毫升),http://www.boohee.com/shiwu/fdbb1893
饮用水，又叫水、自来水,热量：0 大卡(每100毫升),http://www.boohee.com/shiwu/yinyongshui
咖啡粉，又叫速溶咖啡粉,热量：218 大卡(每100克),http://www.boohee.com/shiwu/kafeifen
麦斯威尔 原味咖啡,热量：478 大卡(每100克),http://www.boohee.com/shiwu/maisiweieryuanweikafei
黑咖啡（液），又叫美式、美式咖啡、澳黑,热量：1 大卡(每100毫升),http://www.boohee.com/shiwu/heikafei
矿泉水，又叫水,热量：0 大卡(每100毫升),http://www.boohee.com/shiwu/kuangquanshui
啤酒,热量：32 大卡(每100毫升),http://www.boohee.com/shiwu/pijiu_junzhi
天福茗茶 绿茶粉,热量：328 大卡(每100克),http://www.boohee.com/shiwu/tianfumingchapailvchafen
绿茶（茶叶本身），又叫绿茶、茶叶,热量：328 大卡(每100克),http://www.boohee.com/shiwu/lvcha
柠檬汁,热量：27 大卡(每100毫升),http://www.boohee.com/shiwu/ningmengzhi
江米酒，又叫糯米酒、甜酒、酒酿、醪糟,热量：91 大卡(每100毫升),http://www.boohee.com/shiwu/jiangmijiu
红酒,热量：96 大卡(每100毫升),http://www.boohee.com/shiwu/hongjiu
茶水，又叫茶,热量：0 大卡(每100毫升),http://www.boohee.com/shiwu/chashui
橙汁饮料（汇源牌）,热量：46 大卡(每100毫升),http://www.boohee.com/shiwu/chengzhiyinliao_huiyuanpai
光明 藜麦谷物牛奶,热量：76 大卡(每100毫升),http://www.boohee.com/shiwu/fdee4440
光明 巧克努力 巧克力牛奶饮品,热量：87 大卡(每100毫升),http://www.boohee.com/shiwu/fd149b3f
光明 一只椰子 牛乳饮品,热量：58 大卡(每100毫升),http://www.boohee.com/shiwu/fd755b55
可口可乐 汽水，又叫可乐,热量：43 大卡(每100毫升),http://www.boohee.com/shiwu/fd46aa5b
康宝莱 蛋白混合饮料（巧克力味）,热量：370 大卡(每100克),http://www.boohee.com/shiwu/kangbaolaidanbaihunheyinliao
私房小厨杏仁粉,热量：580 大卡(每100克),http://www.boohee.com/shiwu/sifangxiaochuxingrenfen
甘蔗汁,热量：65 大卡(每100毫升),http://www.boohee.com/shiwu/ganzhezhi
铁观音茶（茶叶本身）,热量：334 大卡(每100克),http://www.boohee.com/shiwu/tieguanyincha
可可粉,热量：349 大卡(每100克),http://www.boohee.com/shiwu/kekefen
农夫山泉 水溶C100 柠檬汁,热量：38 大卡(每100毫升),http://www.boohee.com/shiwu/shuirongC100ningmengzhi
红葡萄酒,热量：74 大卡(每100毫升),http://www.boohee.com/shiwu/hongputaojiu
红茶（茶叶本身）,热量：324 大卡(每100克),http://www.boohee.com/shiwu/hongcha
统一弗蕾奶茶-经典麦香,热量：33 大卡(每100毫升),http://www.boohee.com/shiwu/tongyifuleinaicha-jingdianmaixiang
雀巢/Nestle 原叶低糖绿茶,热量：16 大卡(每100毫升),http://www.boohee.com/shiwu/quechaoyuanyeditanglvcha
椰树牌 椰汁,热量：50 大卡(每100毫升),http://www.boohee.com/shiwu/zhengzongyeshupaiyezhi
可口可乐 零度 汽水,热量：0 大卡(每100毫升),http://www.boohee.com/shiwu/fdf96dfc
可口可乐 樱桃味汽水,热量：32 大卡(每100毫升),http://www.boohee.com/shiwu/fde140ed
可口可乐 姜味汽水,热量：31 大卡(每100克),http://www.boohee.com/shiwu/fd254263
可口可乐 健怡 汽水,热量：0 大卡(每100毫升),http://www.boohee.com/shiwu/fda1dc8b
可口可乐 纤维+ 汽水,热量：0 大卡(每100毫升),http://www.boohee.com/shiwu/fd68003b
杏仁露,热量：46 大卡(每100毫升),http://www.boohee.com/shiwu/xingrenlu
可口可乐  香草味汽水,热量：43 大卡(每100毫升),http://www.boohee.com/shiwu/fdc9230d
弗蕾绿奶茶（鲜绿茉香口味）,热量：33 大卡(每100毫升),http://www.boohee.com/shiwu/fuleilvnaichahixianlvmoxiangkouweihi
可乐，又叫可乐,热量：45 大卡(每100毫升),http://www.boohee.com/shiwu/bingchuankele
超模25 综合营养素（树莓味）,热量：49 大卡(每100克),http://www.boohee.com/shiwu/fdb9c73c
超模25 营养玄米饮（抹茶味）,热量：358 大卡(每100克),http://www.boohee.com/shiwu/fd4b5ee7
超模25 营养可可,热量：366 大卡(每100克),http://www.boohee.com/shiwu/fdc78d52
Easy Fun 路易波士茶,热量：0 大卡(每100克),http://www.boohee.com/shiwu/fd90acfe
Easy Fun 纯马黛茶,热量：0 大卡(每100克),http://www.boohee.com/shiwu/fd36d1d9
超模25 营养饮（玉米蔬菜味）,热量：366 大卡(每100克),http://www.boohee.com/shiwu/fde0c510
Easy Fun 玉米须茶,热量：0 大卡(每100克),http://www.boohee.com/shiwu/fd2e9127
Beauty Reset 焕白肌密果味饮料,热量：29 大卡(每100毫升),http://www.boohee.com/shiwu/fdae59f0
芬达 橙味汽水,热量：34 大卡(每100毫升),http://www.boohee.com/shiwu/fd040161
Easy Fun 意式咖啡包（奶萃）,热量：0 大卡(每100克),http://www.boohee.com/shiwu/fd80e745
O'day 运动蛋白粉（蜜桃味）,热量：404 大卡(每100克),http://www.boohee.com/shiwu/fd214dac
超模25 畅爽西梅饮,热量：132 大卡(每100毫升),http://www.boohee.com/shiwu/fdfba59b
色拉油,热量：898 大卡(每100克),http://www.boohee.com/shiwu/selayou
花生油，又叫落花生油、果油、油、食用油,热量：899 大卡(每100克),http://www.boohee.com/shiwu/huashengyou
豆油，又叫油，食用油,热量：899 大卡(每100克),http://www.boohee.com/shiwu/douyou
混合油(菜+棕),热量：900 大卡(每100克),http://www.boohee.com/shiwu/hunheyou_caizong
葵花籽油,热量：899 大卡(每100克),http://www.boohee.com/shiwu/kuihuaziyou
橄榄油,热量：899 大卡(每100克),http://www.boohee.com/shiwu/ganlanyou
菜籽油，又叫菜子油、菜油、油菜籽油、芸苔油...,热量：899 大卡(每100克),http://www.boohee.com/shiwu/caiziyou
辣椒油，又叫红油、油辣子,热量：900 大卡(每100克),http://www.boohee.com/shiwu/lajiaoyou
芝麻油，又叫麻油、芝麻油,热量：898 大卡(每100克),http://www.boohee.com/shiwu/zhimayou
金龙鱼食用调和油,热量：884 大卡(每100克),http://www.boohee.com/shiwu/jinlongyushiyongdiaoheyou
猪油(板油)，又叫油，食用油，猪网油,热量：827 大卡(每100克),http://www.boohee.com/shiwu/zhuyou_banyou
玉米油,热量：895 大卡(每100克),http://www.boohee.com/shiwu/yumiyou
猪油(炼)，又叫大油、荤油、猪脂膏,热量：897 大卡(每100克),http://www.boohee.com/shiwu/zhuyou_lian
香油,热量：898 大卡(每100克),http://www.boohee.com/shiwu/xiangyou
黄油，又叫白脱油,热量：888 大卡(每100克),http://www.boohee.com/shiwu/huangyou
欧丽薇兰特级初榨橄榄油,热量：814 大卡(每100克),http://www.boohee.com/shiwu/ouliweilantejichuzhaganlanyou
金龙鱼 玉米油,热量：884 大卡(每100克),http://www.boohee.com/shiwu/jinlongyuyumiyou
胡麻油，又叫亚麻油、亚麻子油、胡麻子油,热量：900 大卡(每100克),http://www.boohee.com/shiwu/humayou
粟米油，又叫玉米胚芽油,热量：900 大卡(每100克),http://www.boohee.com/shiwu/sumiyou
茶油,热量：899 大卡(每100克),http://www.boohee.com/shiwu/chayou
大麻油,热量：899 大卡(每100克),http://www.boohee.com/shiwu/damayou
佳之选 橄榄油,热量：823 大卡(每100克),http://www.boohee.com/shiwu/jiazhixuanpaiganlanyou
金牛 芝麻油,热量：899 大卡(每100克),http://www.boohee.com/shiwu/xiangyou13
坎诺拉健康黄油,热量：700 大卡(每100克),http://www.boohee.com/shiwu/kannuolajiankanghuangyou
olivoila 初榨橄榄油,热量：884 大卡(每100克),http://www.boohee.com/shiwu/olivoilachuzhaganlanyou
牛油，又叫牛脂,热量：835 大卡(每100克),http://www.boohee.com/shiwu/niuyou
融氏纯玉米油,热量：860 大卡(每100克),http://www.boohee.com/shiwu/rongshichunyumiyou
安佳淡奶油,热量：350 大卡(每100克),http://www.boohee.com/shiwu/anjiadannaiyou
黄油渣,热量：599 大卡(每100克),http://www.boohee.com/shiwu/huangyouzha
牛油(炼),热量：898 大卡(每100克),http://www.boohee.com/shiwu/niuyou_lian
光明植物黄油,热量：719 大卡(每100克),http://www.boohee.com/shiwu/guangmingzhiwuhuangyou2
雀巢 三花全脂淡奶,热量：141 大卡(每100克),http://www.boohee.com/shiwu/quechaosanhuaquanzhidannai
棕榈油,热量：900 大卡(每100克),http://www.boohee.com/shiwu/zonglvyou
麦芽油,热量：899 大卡(每100克),http://www.boohee.com/shiwu/maiyayou
油茶籽油,热量：898 大卡(每100克),http://www.boohee.com/shiwu/youchaziyou
（AGIA）阿茜娅纯橄榄油,热量：878 大卡(每100克),http://www.boohee.com/shiwu/_AGIAaqianyachunganlanyou
Somerfield 纯菜油,热量：900 大卡(每100克),http://www.boohee.com/shiwu/Somerfieldchuncaiyou
羊油，又叫羊脂,热量：824 大卡(每100克),http://www.boohee.com/shiwu/yangyou
棉籽油,热量：899 大卡(每100克),http://www.boohee.com/shiwu/mianziyou
白脱(食品工业)，又叫牛油，黄油,热量：744 大卡(每100克),http://www.boohee.com/shiwu/baituo_shipingongye
珠江 桥牌小磨芝麻油,热量：900 大卡(每100克),http://www.boohee.com/shiwu/zhujiangqiaopaixiaomozhimayou
鸭油(炼),热量：897 大卡(每100克),http://www.boohee.com/shiwu/yayou_lian
核桃油,热量：895 大卡(每100克),http://www.boohee.com/shiwu/hetaoyou
椰子油,热量：898 大卡(每100克),http://www.boohee.com/shiwu/yeziyou
统一纯橄榄油,热量：818 大卡(每100克),http://www.boohee.com/shiwu/tongyichunganlanyou
酥油,热量：860 大卡(每100克),http://www.boohee.com/shiwu/suyou
HOMEBRAND鲜奶油,热量：331 大卡(每100克),http://www.boohee.com/shiwu/HOMEBRANDxiannaiyou
Allowuie zero黄油,热量：733 大卡(每100克),http://www.boohee.com/shiwu/Allowuiehizerohuangyou
Land Lakes油菜籽植物黄油,热量：714 大卡(每100克),http://www.boohee.com/shiwu/youcaizizhiwuhuangyou
米糠油,热量：894 大卡(每100克),http://www.boohee.com/shiwu/mikangyou
蜂蜜，又叫石蜜、石饴、食蜜、蜜、白蜜、白沙...,热量：321 大卡(每100克),http://www.boohee.com/shiwu/fengmi
白砂糖，又叫白糖、糖、砂糖、石蜜、白霜糖,热量：400 大卡(每100克),http://www.boohee.com/shiwu/baishatang
蜂蜜（槐花）,热量：361 大卡(每100克),http://www.boohee.com/shiwu/fengmi_huaihua
红糖，又叫土红糖、红糖,热量：389 大卡(每100克),http://www.boohee.com/shiwu/hongtang
榨菜,热量：33 大卡(每100克),http://www.boohee.com/shiwu/zhacai
酱油，又叫豉油、酱汁、豉汁,热量：63 大卡(每100克),http://www.boohee.com/shiwu/jiangyou_junzhi
醋，又叫苦酒、淳酢、醯、酢,热量：31 大卡(每100克),http://www.boohee.com/shiwu/cu_junzhi
芝麻酱,热量：630 大卡(每100克),http://www.boohee.com/shiwu/zhimajiang
腐乳(红)，又叫南乳、酱豆腐,热量：153 大卡(每100克),http://www.boohee.com/shiwu/furu_hong
腐乳(白)，又叫酱豆腐、豆腐乳,热量：135 大卡(每100克),http://www.boohee.com/shiwu/furu_bai
花生酱,热量：600 大卡(每100克),http://www.boohee.com/shiwu/huashengjiang
红豆沙,热量：244 大卡(每100克),http://www.boohee.com/shiwu/hongdousha
辣椒酱，又叫辣椒糊,热量：36 大卡(每100克),http://www.boohee.com/shiwu/lajiaojiang
味精，又叫味素、味之素,热量：268 大卡(每100克),http://www.boohee.com/shiwu/weijing
榨菜（鱼泉牌）,热量：51 大卡(每100克),http://www.boohee.com/shiwu/zhacai_yuquanpai
冰糖,热量：397 大卡(每100克),http://www.boohee.com/shiwu/bingtang
鸡精,热量：195 大卡(每100克),http://www.boohee.com/shiwu/jijing
番茄酱，又叫茄汁,热量：83 大卡(每100克),http://www.boohee.com/shiwu/fanqiejiang
绵白糖,热量：396 大卡(每100克),http://www.boohee.com/shiwu/mianbaitang
食盐，又叫盐、盐巴、咸鹾,热量：0 大卡(每100克),http://www.boohee.com/shiwu/jingyan
沙拉酱（色拉酱）,热量：724 大卡(每100克),http://www.boohee.com/shiwu/shalajiang
豆瓣酱，又叫蚕豆酱,热量：181 大卡(每100克),http://www.boohee.com/shiwu/doubanjiang
豆沙,热量：247 大卡(每100克),http://www.boohee.com/shiwu/dousha
榨菜（正林牌）,热量：63 大卡(每100克),http://www.boohee.com/shiwu/zhacai_zhenglinpai
甜面酱，又叫面酱、甜酱,热量：139 大卡(每100克),http://www.boohee.com/shiwu/tianmianjiang
酱黄瓜,热量：26 大卡(每100克),http://www.boohee.com/shiwu/jianghuanggua
千岛沙拉酱，又叫沙拉酱、沙律酱、美乃滋,热量：475 大卡(每100克),http://www.boohee.com/shiwu/qiandaoshalajiang
雪菜，又叫雪里蕻,热量：39 大卡(每100克),http://www.boohee.com/shiwu/xuecai
番茄沙司,热量：112 大卡(每100克),http://www.boohee.com/shiwu/fanqieshasi
白醋,热量：6 大卡(每100克),http://www.boohee.com/shiwu/baicu
苹果酱,热量：278 大卡(每100克),http://www.boohee.com/shiwu/pingguojiang
宫岛 橄榄菜,热量：358 大卡(每100克),http://www.boohee.com/shiwu/gongdaoganlancai
辣椒粉,热量：290 大卡(每100克),http://www.boohee.com/shiwu/lajiaofen
蜂蜜（油菜花）,热量：338 大卡(每100克),http://www.boohee.com/shiwu/fengmi_youcaihua
蒜蓉辣酱,热量：96 大卡(每100克),http://www.boohee.com/shiwu/suanronglajiang
胡椒粉,热量：361 大卡(每100克),http://www.boohee.com/shiwu/hujiaofen
腌雪里蕻，又叫腌雪菜,热量：29 大卡(每100克),http://www.boohee.com/shiwu/axuelihong
草莓酱,热量：270 大卡(每100克),http://www.boohee.com/shiwu/caomeijiang
五香豆豉，又叫大苦、香豉、康伯,热量：270 大卡(每100克),http://www.boohee.com/shiwu/wuxiangdouchi
豆瓣酱(辣油),热量：188 大卡(每100克),http://www.boohee.com/shiwu/doubanjiang_layou
腐乳(香辣味）,热量：158 大卡(每100克),http://www.boohee.com/shiwu/furu_xianglawei
牛肉酱（阿香婆）,热量：488 大卡(每100克),http://www.boohee.com/shiwu/niuroujiang_axiangpo
红豆馅,热量：261 大卡(每100克),http://www.boohee.com/shiwu/hongdouxian
豆瓣辣酱,热量：73 大卡(每100克),http://www.boohee.com/shiwu/doubanlajiang
麻辣酱,热量：145 大卡(每100克),http://www.boohee.com/shiwu/malajiang
糟豆腐乳，又叫糟乳,热量：157 大卡(每100克),http://www.boohee.com/shiwu/zaodoufuru
广乐香辣咸菜,热量：60 大卡(每100克),http://www.boohee.com/shiwu/guanglexianglaxiancai
腐乳(臭)，又叫臭豆腐、臭腐乳,热量：132 大卡(每100克),http://www.boohee.com/shiwu/furu_chou
酱油(高级),热量：71 大卡(每100克),http://www.boohee.com/shiwu/jiangyou_gaoji
陈醋,热量：114 大卡(每100克),http://www.boohee.com/shiwu/chencu
饼干,热量：435 大卡(每100克),http://www.boohee.com/shiwu/binggan_junzhi
蛋糕(黄蛋糕),热量：320 大卡(每100克),http://www.boohee.com/shiwu/dangao_huangdangao
薄荷松仁粽子糖,热量：406 大卡(每100克),http://www.boohee.com/shiwu/baohesongrenzongzitang
巧克力，又叫朱古力,热量：589 大卡(每100克),http://www.boohee.com/shiwu/qiaokeli
冰淇淋，又叫冰激凌、雪糕,热量：127 大卡(每100克),http://www.boohee.com/shiwu/bingqilin
红薯干，又叫地瓜干，甘薯干,热量：338 大卡(每100克),http://www.boohee.com/shiwu/diguagan
培根汉堡（夹熏肉，奶酪，加调料酱）,热量：311 大卡(每100克),http://www.boohee.com/shiwu/ganlaohanbaobao_jiaxunrou_jiadiaoliaojiang
绿豆饼（少糖少油）,热量：122 大卡(每100克),http://www.boohee.com/shiwu/lvdoubing
苏打饼干,热量：408 大卡(每100克),http://www.boohee.com/shiwu/sudabinggan
麻花,热量：527 大卡(每100克),http://www.boohee.com/shiwu/mahua
奶油蛋糕,热量：379 大卡(每100克),http://www.boohee.com/shiwu/naiyoudangao
佳梅 真之话梅,热量：180 大卡(每100克),http://www.boohee.com/shiwu/jiameizhenzhihuamei
月饼(豆沙),热量：411 大卡(每100克),http://www.boohee.com/shiwu/yuebing_dousha
山楂果丹皮,热量：326 大卡(每100克),http://www.boohee.com/shiwu/shanchaguodanpi
蛋糕,热量：348 大卡(每100克),http://www.boohee.com/shiwu/dangao_junzhi
沙琪玛蛋酥,热量：506 大卡(每100克),http://www.boohee.com/shiwu/shaqimadansu
单层汉堡（单层肉饼，无调料酱）,热量：316 大卡(每100克),http://www.boohee.com/shiwu/ganlaohanbaobao_putongxing_jiadancengroubing_wudiaoliaojiang
绿豆糕,热量：351 大卡(每100克),http://www.boohee.com/shiwu/lvdougao
西式蛋糕,热量：316 大卡(每100克),http://www.boohee.com/shiwu/xishidangao
野澤 猴肉（腊梅味） ,热量：295 大卡(每100克),http://www.boohee.com/shiwu/nuomifantuan
山楂球,热量：371 大卡(每100克),http://www.boohee.com/shiwu/shanchaqiu
德芙 香浓黑巧克力,热量：542 大卡(每100克),http://www.boohee.com/shiwu/defuxiangnongheiqiaokeli
夹心酥饼,热量：482 大卡(每100克),http://www.boohee.com/shiwu/jiaxinsubing
月饼(五仁),热量：424 大卡(每100克),http://www.boohee.com/shiwu/yuebing_wuren
锅巴（豆香）,热量：528 大卡(每100克),http://www.boohee.com/shiwu/guoba_douxiang
锅巴（小米）,热量：554 大卡(每100克),http://www.boohee.com/shiwu/guoba_xiaomi
薯片（烧烤味）,热量：548 大卡(每100克),http://www.boohee.com/shiwu/shupian_shaokaowei
冰棍,热量：47 大卡(每100克),http://www.boohee.com/shiwu/binggun
板油酥饼,热量：360 大卡(每100克),http://www.boohee.com/shiwu/banyousubing
巧克力(维夫)，又叫朱古力威化,热量：575 大卡(每100克),http://www.boohee.com/shiwu/qiaokeli_weifu
奶糖,热量：407 大卡(每100克),http://www.boohee.com/shiwu/naitang
曲奇饼,热量：546 大卡(每100克),http://www.boohee.com/shiwu/quqibing
蛋糕（巧克力）,热量：437 大卡(每100克),http://www.boohee.com/shiwu/dangao_qiaokeli
奶油饼干,热量：431 大卡(每100克),http://www.boohee.com/shiwu/naiyoubinggan
酥皮糕点,热量：429 大卡(每100克),http://www.boohee.com/shiwu/supigaodian
和路雪绿豆妹妹冰棍,热量：120 大卡(每100克),http://www.boohee.com/shiwu/heluxuelvdoumeimeibinggun
面包条（白）,热量：283 大卡(每100克),http://www.boohee.com/shiwu/mianbaotiao_bai
肯德基 薯条,热量：298 大卡(每100克),http://www.boohee.com/shiwu/shutiao_kendeji
爆米花,热量：387 大卡(每100克),http://www.boohee.com/shiwu/baomihua
桃酥,热量：483 大卡(每100克),http://www.boohee.com/shiwu/taosu
时兴隆鱿鱼丝,热量：333 大卡(每100克),http://www.boohee.com/shiwu/shixinglongyouyusi
百乐宝 巧克力雪糕,热量：174 大卡(每100克),http://www.boohee.com/shiwu/bailebaoqiaokelixuegao
大雪糕,热量：74 大卡(每100克),http://www.boohee.com/shiwu/daxuegao
饼干（苏打夹心）,热量：463 大卡(每100克),http://www.boohee.com/shiwu/binggan_sudajiaxin
好丽友 蛋黄派[注心蛋黄派],热量：448 大卡(每100克),http://www.boohee.com/shiwu/haoliyoudanhuangpaihizhuxindanhuangpaihi
和路雪 红豆冰棍 ,热量：91 大卡(每100克),http://www.boohee.com/shiwu/heluxuehongdoubinggunhi
牛奶糖,热量：435 大卡(每100克),http://www.boohee.com/shiwu/niunaitang
太平 梳打饼干海苔口味,热量：485 大卡(每100克),http://www.boohee.com/shiwu/taipingshudabinggan-haitaikouwei
鸡汁味干脆面（面饼+调味料）,热量：505 大卡(每100克),http://www.boohee.com/shiwu/jizhiweigancuimian_mianbingdiaoweiliao
蚕豆(炸)，又叫开花豆、胡豆、夏豆、罗汉豆,热量：447 大卡(每100克),http://www.boohee.com/shiwu/candou_zha
麦当劳 麦香鸡,热量：283 大卡(每100克),http://www.boohee.com/shiwu/maidanglao_maixiangji
油面筋，又叫面筋泡、油炸生筋,热量：492 大卡(每100克),http://www.boohee.com/shiwu/youmianjin
千亿朵星光 益生菌含片(酸甜芒果味),热量：379 大卡(每100克),http://www.boohee.com/shiwu/fde63ca9
Easy Fun 阿胶糕（玫瑰型）,热量：426 大卡(每100克),http://www.boohee.com/shiwu/fdbce4eb
Easy Fun 益生元龟苓膏,热量：39 大卡(每100克),http://www.boohee.com/shiwu/fd02353b
枸杞，又叫甘杞、贡杞、枸杞子、红耳坠、苟起...,热量：258 大卡(每100克),http://www.boohee.com/shiwu/gouqizi
陈皮，又叫橘皮、贵老、红皮、黄橘皮、广橘皮...,热量：319 大卡(每100克),http://www.boohee.com/shiwu/chenpi
栝楼根粉，又叫栝楼粉、蒌粉、天花粉,热量：397 大卡(每100克),http://www.boohee.com/shiwu/huafen_youcai
葛根，又叫野葛、鹿霍、黄斤、鸡齐根、干葛、...,热量：181 大卡(每100克),http://www.boohee.com/shiwu/gegen
阿拉斯加 康力士螺旋藻复合片,热量：335 大卡(每100克),http://www.boohee.com/shiwu/alasijiakanglishiluoxuanzaofuhepian
美国GBN进口蛋白质粉,热量：407 大卡(每100克),http://www.boohee.com/shiwu/meiguoGBNjinkoudanbaizhifen
花粉（油松），又叫松花粉,热量：398 大卡(每100克),http://www.boohee.com/shiwu/huafen_yousong
阿拉斯加 康力士乳清蛋白粉（香草味）,热量：395 大卡(每100克),http://www.boohee.com/shiwu/alasijiakanglishiruqingdanbaifen_xiangcaowei
菊花（干），又叫怀菊花、节华、日精、女节、...,热量：242 大卡(每100克),http://www.boohee.com/shiwu/juhua
花粉（荞麦）,热量：353 大卡(每100克),http://www.boohee.com/shiwu/huafen_qiaomai
纽崔莱 果蔬纤维素嚼片,热量：488 大卡(每100克),http://www.boohee.com/shiwu/niucuilaiguoshuxianweisujiaopian
阿拉斯加 康力士玫瑰果提取物复合片,热量：402 大卡(每100克),http://www.boohee.com/shiwu/alasijiakanglishimeiguiguotiquwufuhepian
蚕蛹,热量：230 大卡(每100克),http://www.boohee.com/shiwu/canyong
金日 高营养蛋白质粉,热量：197 大卡(每100克),http://www.boohee.com/shiwu/jinripaigaoyingyangdanbaizhifen
米粉（雀巢）,热量：376 大卡(每100克),http://www.boohee.com/shiwu/mifen_quechao
肉桂，又叫桂皮、牡桂、桂、大桂、筒桂、辣桂、玉桂,热量：278 大卡(每100克),http://www.boohee.com/shiwu/rougui
茯苓，又叫茯苓个、茯苓皮、茯苓块、赤茯苓、...,热量：178 大卡(每100克),http://www.boohee.com/shiwu/fulian
乳儿糕,热量：366 大卡(每100克),http://www.boohee.com/shiwu/ruergao
DHC浓缩膳食纤维粉,热量：194 大卡(每100克),http://www.boohee.com/shiwu/DHCnongsuoshanshixianweifen
罗汉果，又叫假苦瓜、拉汉果、光果木鳖、,热量：246 大卡(每100克),http://www.boohee.com/shiwu/luohanguo
米粉（蔬菜，亨氏）,热量：394 大卡(每100克),http://www.boohee.com/shiwu/mifen_shucai_hengshi
薄荷(鲜)，又叫香花菜、绿薄荷、夜兰香、夜...,热量：34 大卡(每100克),http://www.boohee.com/shiwu/baohe_xian
蛇,热量：85 大卡(每100克),http://www.boohee.com/shiwu/she_junzhi
紫苏(鲜)，又叫赤苏、白苏、苏、苏叶,热量：51 大卡(每100克),http://www.boohee.com/shiwu/zisu_xian
枣仁,热量：367 大卡(每100克),http://www.boohee.com/shiwu/zaoren
亨氏牌婴儿营养米粉DHA蔬菜口味,热量：365 大卡(每100克),http://www.boohee.com/shiwu/hengshipaiyingeryingyangmifenDHAshucaikouwei
天然元 啤酒酵母复合营养片含B族维生素,热量：120 大卡(每100克),http://www.boohee.com/shiwu/tianranyuanpijiujiaomufuheyingyangpianhanBzuweishengsu
米粉（高蛋白，雀巢）,热量：409 大卡(每100克),http://www.boohee.com/shiwu/mifen_gaodanbai_quechao
米粉（高蛋白，亨氏）,热量：375 大卡(每100克),http://www.boohee.com/shiwu/mifen_gaodanbai_hengshi
阿拉斯加 康力士谷物提取物复合片（含全家福...,热量：210 大卡(每100克),http://www.boohee.com/shiwu/alasijiakanglishiguwutiquwufuhepian_hanquanjiafuduozhongweishengsu
婴儿营养粉,热量：426 大卡(每100克),http://www.boohee.com/shiwu/yingeryingyangfen
美国纤雅奇异子,热量：536 大卡(每100克),http://www.boohee.com/shiwu/meiguoxianyaqiyizi
婴儿奶糕,热量：345 大卡(每100克),http://www.boohee.com/shiwu/yingernaigao
薄荷(干)，又叫蕃荷菜、南薄荷、猫儿薄荷、...,热量：271 大卡(每100克),http://www.boohee.com/shiwu/baohe_gan
甘草，又叫生甘草、粉甘草、甘草梢、甜根子、...,热量：280 大卡(每100克),http://www.boohee.com/shiwu/gancao
米粉（胡萝卜，亨氏）,热量：386 大卡(每100克),http://www.boohee.com/shiwu/mifen_huluobo_hengshi
冬虫夏草，又叫虫草、冬虫草（甘肃）、夏草冬...,热量：292 大卡(每100克),http://www.boohee.com/shiwu/dongchongxiacao
营养乳儿糕,热量：365 大卡(每100克),http://www.boohee.com/shiwu/yingyangruergao
阿拉斯加 康力士牡蛎提取物软胶囊（含钙）,热量：326 大卡(每100克),http://www.boohee.com/shiwu/alasijiakanglishimulitiquwuruanjiaonang_hangai
米粉（猪肝蔬菜，亨氏）,热量：391 大卡(每100克),http://www.boohee.com/shiwu/mifen_zhuganshucai_hengshi
优莎娜纤维素（水蜜桃芒果）,热量：267 大卡(每100克),http://www.boohee.com/shiwu/youshanaxianweisu_shuimitaomangguo
鸡肝蔬菜泥（亨氏）,热量：76 大卡(每100克),http://www.boohee.com/shiwu/jiganshucaini_hengshi
米粉（鱼肉蔬菜，亨氏）,热量：383 大卡(每100克),http://www.boohee.com/shiwu/mifen_yuroushucai_hengshi
白芷，又叫芳香、泽芬、香白芷,热量：324 大卡(每100克),http://www.boohee.com/shiwu/baizhi
决明(鲜)，又叫羊明、马蹄决明、钝叶决明、...,热量：1 大卡(每100克),http://www.boohee.com/shiwu/jueming_xian
三鲜豆腐 家常风味,热量：110 大卡(每100克),http://www.boohee.com/shiwu/sanxiandoufu2
悄悄吃豆干香辣味,热量：192 大卡(每100克),http://www.boohee.com/shiwu/qiaoqiaochidouganxianglawei
奶黄包，又叫广式椰奶黄包，广式奶黄包,热量：291 大卡(每100克),http://www.boohee.com/shiwu/guangshiyenaihuangbao
海牌海苔,热量：502 大卡(每100克),http://www.boohee.com/shiwu/hanguohaipaihaitai
番茄奶酪披萨,热量：190 大卡(每100克),http://www.boohee.com/shiwu/fanqienailaopisa
香港仔四海鱼蛋（咖喱味）,热量：123 大卡(每100克),http://www.boohee.com/shiwu/xianggangzisihaiyudan_kaliwei
卷心菜粥,热量：34 大卡(每100克),http://www.boohee.com/shiwu/baicaizhou
